Role,Team Code,Display / Team Name,Username,Password,Seat,Round 2 Shortlist,Team Members
ADMIN,—,Admin 1,admin01,Y4SQd2yShk,—,—,—
ADMIN,—,Admin 2,admin02,3GQHdrEuGC,—,—,—
CORE,—,Core 1,core01,9wJrBq2teV,—,—,—
CORE,—,Core 2,core02,9CNn2tUXNF,—,—,—
CORE,—,Core 3,core03,tagganPtNs,—,—,—
CORE,—,Core 4,core04,sq5C9mnX4h,—,—,—
CORE,—,Core 5,core05,Z9A3uUeNqr,—,—,—
REGIDESK,—,Registration Desk 1,regidesk01,5KaTPJUvc8,—,—,—
REGIDESK,—,Registration Desk 2,regidesk02,gQz2tTVvcp,—,—,—
REGIDESK,—,Registration Desk 3,regidesk03,tgUwjCKjmN,—,—,—
MEAL,—,Meal Counter 1,meal01,FXQNVYx44H,—,—,—
MEAL,—,Meal Counter 2,meal02,yqsbDVJ9Ys,—,—,—
MEAL,—,Meal Counter 3,meal03,cEnRNHZjXn,—,—,—
TEAM,T1,CodeTitans,codetitans_32,TsRZZSQPTf,1,No (Round 1),"T1M1, T1M2, T1M3, T1M4"
TEAM,T2,testersss,testersss_98,hJafwgSAFx,2,No (Round 1),"T2M1, T2M2, T2M3, T2M4"
TEAM,T3,Team 3,team3_93,jSgvV7dFBY,3,No (Round 1),"T3M1, T3M2, T3M3, T3M4"
TEAM,T4,Team 4,team4_78,QCVPSEKb6M,4,No (Round 1),"T4M1, T4M2, T4M3, T4M4"
TEAM,T5,Team 5,team5_72,Y4aFKm9Qqa,5,No (Round 1),"T5M1, T5M2, T5M3, T5M4"
TEAM,T6,Team 6,team6_49,e7dX382ayF,6,No (Round 1),"T6M1, T6M2, T6M3, T6M4"
TEAM,T7,Team 7,team7_56,FMRhXgNCp9,7,No (Round 1),"T7M1, T7M2, T7M3, T7M4"
TEAM,T8,Team 8,team8_44,6zPkfGJqX6,8,No (Round 1),"T8M1, T8M2, T8M3, T8M4"
TEAM,T9,Team 9,team9_38,2YWkqkb6bK,9,No (Round 1),"T9M1, T9M2, T9M3, T9M4"
TEAM,T10,Team 10,team10_90,7eJfe9BfVv,10,No (Round 1),"T10M1, T10M2, T10M3, T10M4"
TEAM,T11,Team 11,team11_61,zNdbRFfWG6,11,No (Round 1),"T11M1, T11M2, T11M3, T11M4"
TEAM,T12,Team 12,team12_97,FsY5zeMwUg,12,No (Round 1),"T12M1, T12M2, T12M3, T12M4"
TEAM,T13,Team 13,team13_78,QMUKeXKG9V,13,No (Round 1),"T13M1, T13M2, T13M3, T13M4"
TEAM,T14,Team 14,team14_82,PS8FgA8rZq,14,No (Round 1),"T14M1, T14M2, T14M3, T14M4"
TEAM,T15,Team 15,team15_17,fHqxKh7Z4W,15,No (Round 1),"T15M1, T15M2, T15M3, T15M4"
TEAM,T16,Team 16,team16_91,Ca4jd3wP3X,16,No (Round 1),"T16M1, T16M2, T16M3, T16M4"
TEAM,T17,Team 17,team17_44,7WeCJfYK8S,17,No (Round 1),"T17M1, T17M2, T17M3, T17M4"
TEAM,T18,Team 18,team18_80,qwDxpgNfh7,18,No (Round 1),"T18M1, T18M2, T18M3, T18M4"
TEAM,T19,Team 19,team19_74,aUdStekeEe,19,No (Round 1),"T19M1, T19M2, T19M3, T19M4"
TEAM,T20,Team 20,team20_94,DF2cAtgUsb,20,No (Round 1),"T20M1, T20M2, T20M3, T20M4"
TEAM,T21,Team 21,team21_90,EMJcWHydBA,21,No (Round 1),"T21M1, T21M2, T21M3, T21M4"
TEAM,T22,Team 22,team22_76,yHwACRkEVr,22,No (Round 1),"T22M1, T22M2, T22M3, T22M4"
TEAM,T23,Team 23,team23_55,yu45BsjTh4,23,No (Round 1),"T23M1, T23M2, T23M3, T23M4"
TEAM,T24,Team 24,team24_13,NuGu9UqAZz,24,No (Round 1),"T24M1, T24M2, T24M3, T24M4"
TEAM,T25,Team 25,team25_22,9WtqbzH3sm,25,No (Round 1),"T25M1, T25M2, T25M3, T25M4"
TEAM,T26,Team 26,team26_66,97SD6fhXZa,26,No (Round 1),"T26M1, T26M2, T26M3, T26M4"
TEAM,T27,Team 27,team27_54,sd7ateJteE,27,No (Round 1),"T27M1, T27M2, T27M3, T27M4"
TEAM,T28,Team 28,team28_56,nBkjDysu3T,28,No (Round 1),"T28M1, T28M2, T28M3, T28M4"
TEAM,T29,Team 29,team29_43,AeQMKWVgRT,29,No (Round 1),"T29M1, T29M2, T29M3, T29M4"
TEAM,T30,Team 30,team30_32,5MyNxaJv5x,30,No (Round 1),"T30M1, T30M2, T30M3, T30M4"
TEAM,T31,Team 31,team31_80,tACkEY4SQX,31,No (Round 1),"T31M1, T31M2, T31M3, T31M4"
TEAM,T32,Team 32,team32_64,mwhtWPdT2d,32,No (Round 1),"T32M1, T32M2, T32M3, T32M4"
TEAM,T33,Team 33,team33_60,ZfBn8CCaNz,33,No (Round 1),"T33M1, T33M2, T33M3, T33M4"
TEAM,T34,Team 34,team34_30,57tGdbXS5t,34,No (Round 1),"T34M1, T34M2, T34M3, T34M4"
TEAM,T35,Team 35,team35_42,m3wv8ddDQn,35,No (Round 1),"T35M1, T35M2, T35M3, T35M4"
TEAM,—,Nexus Vipers,nexusvipers_92,xxS6GVmWjc,—,—,—
TEAM,—,VectorSquad,vectorsquad_63,dYdbdNGDgZ,—,—,—